variable,count,mean,std,min,25%,50%,75%,max,original
dummy1,1000.0,6.844471696217119e-05,0.01065540827931687,-0.0339577137392203,-0.0071712202444157245,0.0002636073208723,0.0070728555629133,0.0288753033602495,0.0099295668429678
dummy2,1000.0,-0.0007412845073396255,0.012520640594453427,-0.0395580926930676,-0.009309184166458975,-0.00023366698660915,0.008160539536636,0.0350420971534313,0.0103341086595248
x1,1000.0,0.02713598742618369,2.958065693808997,-7.808256732418599,-1.981339210117983,0.033011785090301796,2.1046740501620262,28.203566803345257,28.203566803345257
x2,1000.0,-0.15039953829967398,7.902039605315315,-24.06288624741906,-5.183084279050074,-0.2001531254702188,4.937879391712306,75.05026679420281,75.05026679420281
x3,1000.0,-0.056354830559425875,1.9330775840193317,-6.000667769111445,-1.3270446755107566,-0.05547579589752945,1.2231050546411382,17.75582016132054,17.75582016132054
